{
  "name": "chat-portrait",
  "title": "Chat Portrait",
  "description": "Display the Actor's portrait and colors on the Chat Message.",
  "author": "Shoyu Vanilla, p4535992",
  "version": "0.5.13",
  "type": "module",
  "socket": true,
  "includes": [
    "./assets/**",
    "./lang/**",
    "./scripts/**",
    "./styles/**",
    "./templates/**",
    "./module.json",
    "./README.md",
    "./icons/**",
    "./packs/**"
  ],
  "media": [
    {
      "type": "icon",
      "location": ""
    },
    {
      "type": "cover",
      "location": ""
    },
    {
      "type": "screenshot",
      "location": ""
    },
    {
      "type": "background",
      "location": "assets/parchment.jpg"
    },
    {
      "type": "background",
      "location": "assets/parchment-white.jpg"
    }
  ],
  "languages": [
    {
      "lang": "en",
      "name": "English",
      "path": "lang/en.json"
    },
    {
      "lang": "ko",
      "name": "한국어 (Korean)",
      "path": "lang/ko.json"
    },
    {
      "lang": "pt-BR",
      "name": "Português (Brasil)",
      "path": "lang/pt-BR.json"
    },
    {
      "lang": "es",
      "name": "Español",
      "path": "lang/es.json"
    },
    {
      "lang": "de",
      "name": "Deutsch (German)",
      "path": "lang/de.json"
    }
  ],
  "scripts": [],
  "esmodules": ["main.js"],
  "styles": ["styles/chat-portrait-style.css"],
  "manifestPlusVersion": "1.2.0",
  "url": "https://github.com/ShoyuVanilla/FoundryVTT-Chat-Portrait",
  "readme": "https://raw.githubusercontent.com/ShoyuVanilla/FoundryVTT-Chat-Portrait/master/README.md",
  "manifest": "https://raw.githubusercontent.com/ShoyuVanilla/FoundryVTT-Chat-Portrait/master/src/module.json",
  "download": "https://raw.githubusercontent.com/ShoyuVanilla/FoundryVTT-Chat-Portrait/master/package/chat-portrait-v0.5.13.zip",
  "minimumCoreVersion": "0.8.6",
  "compatibleCoreVersion": "0.8.9",
  "changelog": "https://raw.githubusercontent.com/ShoyuVanilla/FoundryVTT-Chat-Portrait/master/changelog.md",
  "bugs": "https://github.com/ShoyuVanilla/FoundryVTT-Chat-Portrait/issues",
  "allowBugReporter": true,
  "dependencies": []
}
